1,google.com
2,youtube.com
3,facebook.com
4,baidu.com
5,bilibili.com
6,twitter.com
7,wikipedia.org
8,amazon.com
9,instagram.com
10,reddit.com
11,bing.com
12,linkedin.com
13,yahoo.com
14,openai.com
15,qq.com
16,whatsapp.com
17,zhihu.com
18,yandex.ru
19,xvideos.com
20,zoom.us
21,vk.com
22,pornhub.com
23,tiktok.com
24,canva.com
25,live.com
26,t.co
27,fandom.com
28,naver.com
29,office.com
30,yahoo.co.jp
31,microsoft.com
32,dzen.ru
33,github.com
34,aliexpress.com
35,spankbang.com
36,xhamster.com
37,weibo.com
38,mail.ru
39,paypal.com
40,microsoftonline.com
41,netflix.com
42,ebay.com
43,imdb.com
44,douban.com
45,google.com.hk
46,taobao.com
47,pinterest.com
48,amazon.in
49,163.com
50,csdn.net
51,jd.com
52,chaturbate.com
53,sina.com.cn
54,pixiv.net
55,apple.com
56,xnxx.com
57,twimg.com
58,duckduckgo.com
59,indeed.com
60,stackoverflow.com
61,amazon.co.jp
62,douyu.com
63,myshopify.com
64,quora.com
65,adobe.com
66,google.co.in
67,amazon.co.uk
68,freepik.com
69,etsy.com
70,deepl.com
71,telegram.org
72,twitch.tv
73,t.me
74,imgur.com
75,stripchat.com
76,booking.com
77,iqiyi.com
78,namu.wiki
79,discord.com
80,sogou.com
81,wordpress.com
82,onlyfans.com
83,tradingview.com
84,ilovepdf.com
85,udemy.com
86,msn.com
87,avito.ru
88,realsrv.com
89,youdao.com
90,dropbox.com
91,huya.com
92,doubleclick.net
93,sohu.com
94,force.com
95,mediafire.com
96,flipkart.com
97,amazonaws.com
98,instructure.com
99,ok.ru
100,fc2.com
